177,C=CC(=O)OC1CCCCC1,289.0
88,C=CC(=O)OCC(C)C#N,324.0
190,FC(=C(F)F)Cl,360.0
32,CCCOC(=O)C=C,236.0
228,C=CC=C,268.0
2,C=CC(=O)Oc1ccccc1C(C)(C)C,345.0
81,C=Cc2ccc(Oc1ccccc1)cc2,373.0
165,C=Cc1ccccc1OC,348.0
104,C=CC(=O)Oc1cccc(C(=O)OC)c1,311.0
8,C=CC(=O)OC(C)C#N,339.0
155,C=Cc1ccc(C(=O)OC(C)C)cc1,368.0
180,CCCCOC(=O)C(=C)Cl,330.0
34,C=CC(=O)OCCC(=O)C(F)(F)C(F)F,251.0
110,C=CC(=O)OCC(F)(F)C(F)(F)C(F)(F)C(F)(F)F,236.0
113,CCCOC(=O)C=C,236.0
208,OC(=O)c1cccc(c1)C(=O)O.OCCCCO,297.0
58,C=Cc1ccccc1C(=O)OCCCC,339.0
31,CC(=C)C(=O)OCCc1ccccc1,270.0
57,C=Cc2ccc(C(=O)c1ccccc1)cc2,371.0
252,C=CC(=O)Oc1ccc(Cl)cc1Cl,333.0
207,OC(=O)CCCCCCCCC(=O)O.OCCCCO,214.0
23,C=CC(=O)Oc1ccc(OC)cc1,324.0
1,CC(OC(=O)C=C)CC,250.0
249,C=CC(=O)OCC(C)C,249.0
50,CCOCOC(=O)C(=C)C,223.0
187,CCCCOC(=O)C(=C)C#N,374.0
171,OC(=O)C=C,374.0
130,CCCCCCCOC(=O)C=C,213.0
229,CCC=CC=C,197.0
192,OC(=O)CCC(=O)O.OCCCO,232.0
221,C=O,211.0
157,C=Cc1ccc(C(=O)CCCCCCC)cc1,323.0
28,C=CC(=O)OCC(F)(F)C(F)(F)C(F)(F)C(F)(F)F,236.0
106,C=CC(=O)Oc1ccc(CCCOC)cc1,198.0
72,C=Cc1ccc(COC)cc1,350.0
266,OC(=O)c1ccc2c(c1)ccc(c2)C(=O)O.OCCO,392.0
35,C=CC(=O)Oc1cccc(C)c1,298.0
60,C=Cc1ccc(C(C)CCC)cc1,359.0
169,C=Cc1cc(F)ccc1F,374.0
194,OC(=O)C(O)C,332.0
224,Clc1ccc(cc1)S(=O)(=O)c1ccc(cc1)Cl.Oc1ccc(cc1)S(=O)(=O)c1ccc(cc1)O,489.0
100,CCCCCCOC(=O)C=C,308.0
140,C=Cc1ccccc1C(=O)OCCCC,339.0
193,OC(=O)CCCCC(=O)O.OCCCO,215.0
230,CC=CC=C,204.0
102,C=CC(=O)OCC(C)C,249.0
92,C=CC(=O)Oc1ccccc1C(=O)OCC,303.0
195,CC1CC(=O)O1,276.0
234,Nc1ccc(cc1)N.ClC(=O)c1ccc(cc1)C(=O)Cl,600.0
181,C=CC(=O)NC(C)(C)C,401.0
244,COCC1CO1,211.0
48,C=CC(=O)OCC(F)(F)C(F)C(F)(F)F,251.0
95,CCOC(=O)C=C,249.0
5,C=CC(=O)Oc1ccc(C#N)cc1,317.0
18,CCCCCCOC(=O)C=C,308.0
254,C=Cc1ccc(CCOC)cc1,359.0
162,C=Cc2ccc(Cc1ccc(OC)cc1)cc2,376.0
61,C=Cc1ccc(C(=O)CCC)cc1,347.0
25,C=CC(=O)OCC(C)CC,241.0
184,OC(=N)C=C,438.0
148,C=Cc1ccccc1C(=O)OCCCCCC,318.0
75,C=Cc1ccc(C(=O)OCCC)cc1,365.0
204,OC(=O)CCC(=O)O.OCCO,267.0
71,C=Cc1ccccc1COC(C)C,361.0
15,C=CC(=O)OCC(F)(F)C(F)(F)C(=O)C(F)(F)F,218.0
51,C=CC(=O)OCCCCCCCCC,215.0
263,C=Cc1ccc(cc1)Br,411.0
176,CCCCC(COC(=O)C=C)CC,221.0
43,C=CC(=O)Oc1cccc(N(C)C)c1,320.0
108,C=CC(=O)OCC(C)CCC,235.0
103,C=CC(=O)OCC(C)OC,217.0
27,C=CC(=O)OCC(C)CCC,235.0
226,CC=C.[C-]#[O+],312.0
124,C=CC(=O)OCCCC#N,233.0
172,FC(F)C(F)(F)COC(=O)C(=C),249.0
141,C=Cc1ccc(C(=O)OCCCC)cc1,349.0
77,C=Cc2ccc(c1ccc(C)cc1)cc2,372.0
70,C=Cc1ccccc1COCC(C)(C)C,351.0
109,C=CC(=O)OCC(F)(F)C(F)(F)C(=O)C(F)(F)C(F)(F)F,224.0
206,OC(=O)c1ccc(cc1)C(=O)O.OCCCCO,313.0
246,C=Cc1ccc(CCOC)cc1,359.0
264,C=CC(=O)NC(C)CC,390.0
116,C=CC(=O)Oc1cccc(C)c1,298.0
85,C=CC(=O)Oc1ccccc1C(C)(C)C,345.0
114,C=CC(=O)OCCCCCCCCCCCCCC,297.0
201,OC(=O)c1cccc(c1)C(=O)O.OCCO,324.0
179,CCOC(=O)C(=C)Cl,366.0
202,OC(=O)c1ccc(cc1)C(=O)O.OCC1CCC(CC1)CO,364.0
248,C=CC(=O)OCCCOCC,218.0
139,C=Cc2ccc(C(=O)c1ccccc1)cc2,371.0
159,C=Cc1ccc(C(=O)OCCC)cc1,365.0
42,C=CC(=O)OCCC(=O)CC#N,250.0
26,C=CC(=O)OCCC(C)C,228.0
213,C1CCCO1,189.0
163,C=Cc1ccc(C(C)(O)CCCCC)cc1,364.0
265,CCCCCCCCOC(=O)C(=C)C#N,322.0
259,C=CC(=O)OCCC(C)C,228.0
128,C=CC(=O)OCC(CC)CC,223.0
105,C=CC(=O)Oc1ccc(OC)cc1,324.0
168,C=Cc1ccc(cc1)F,376.0
68,C=Cc2ccc(/C(Cc1ccccc1)=N/O)cc2,384.0
250,C=CC(=O)OCC(F)(F)C(F)(F)C(=O)C(F)(F)C(F)(F)F,224.0
97,C=CC(=O)OC(F)(F)C(F)(F)C(F)(F)C(F)(F)F,243.0
86,C=CC(=O)Oc1ccc(C(C)(C)C)cc1,344.0
257,C=CC(=O)OCc1ccccc1,279.0
36,C=CC(=O)Oc1ccccc1C,325.0
3,C=CC(=O)Oc1ccc(C(C)(C)C)cc1,344.0
198,O=C1OCC(=O)OC1,312.0
185,C=CC#N,383.0
87,C=CC(=O)Oc1ccc(C#N)cc1,317.0
76,C=Cc1ccc(OCCC)cc1,343.0
93,C=CC(=O)Oc1cccc(C(=O)OCC)c1,297.0
242,O=C1CCCCCN1,324.0
39,C=CC(=O)OCC(F)(F)C(F)(F)C(F)(F)C(F)(F)C(F)(F)F,234.0
40,C=CC(=O)Oc1ccc(C(=O)OCCCC)cc1,286.0
132,CC(C)OC(=O)C=C,270.0
233,Nc1cc(ccc1)N.ClC(=O)c1cc(ccc1)C(=O)Cl,537.0
125,C=CC(=O)OCCC(=O)CC#N,250.0
241,NCCCCCCCCCC(=O)O,315.0
41,C=CC(=O)OCCCC#N,233.0
197,OC(=O)CCCCCCCCC(=O)O.OCCCCCCO,213.0
240,NCCCCCCCCCCCC(=O)O,313.0
191,OC(=O)c1ccc(cc1)C(=O)O.OCCCO,327.0
115,C=CC(=O)OCCC(=O)C(F)(F)C(F)F,251.0
189,FC(=C)F,242.0
136,C=CC(=O)OCCC(=O)CCC(=O)C(F)(F)C(F)F,233.0
101,C=CC(=O)OCCCCCC,216.0
269,CCCOC(=O)C(=C)Cl,344.0
247,C=CC(=O)Oc2ccc(c1ccccc1)cc2,383.0
11,C=CC(=O)Oc1ccccc1C(=O)OCC,303.0
146,C=Cc1ccc(C(=O)OCC)cc1,367.0
239,NCCCCCCN.OC(=O)CCCCC(=O)O,324.0
19,C=CC(=O)OCCCCCC,216.0
205,OC(=O)CCCCCCCCC(=O)O.OCCO,244.0
156,C=Cc1ccccc1COC(C)C,361.0
255,C=Cc1ccc(C(=O)OC(C)C)cc1,368.0
174,CCCCCCCCCCCCCCCCCCCCCCCCCCOC(=O)C=C,311.0
182,CCCCCCCCNC(=O)C=C,220.0
96,C=CC(=O)OF,288.0
123,C=CC(=O)Oc1ccc(Cl)cc1Cl,333.0
107,C=CC(=O)OCC(C)CC,241.0
17,C=CC(=O)OC(C)CCCCC,235.0
94,C=CC(=O)OCCCOCC,218.0
53,CC(=C)C(=O)Oc1ccccc1,330.0
84,CC(OC(=O)C=C)CC,250.0
152,C=Cc1ccc(C(=O)OCC(C)C)cc1,363.0
49,C=CC(=O)Oc1ccccc1C(=O)OC,319.0
151,C=Cc2ccc(/C(Cc1ccccc1)=N/O)cc2,384.0
158,C=Cc2ccc(C(=O)Cc1ccccc1)cc2,351.0
4,C=CC(=O)Oc1ccc(cc1)Cl,331.0
253,CC(C)OC(=O)C=C,270.0
144,C=Cc1ccc(C(=O)CCC)cc1,347.0
89,C=CC(=O)OCCC#N,277.0
260,CC(=C)C(=O)OCCc1ccccc1,270.0
216,CCCCCCOCC1CO1,189.0
138,C=CC(=O)OCC(C#N)CCCCC,389.0
98,C=CC(=O)OCC(F)(F)C(F)(F)C(=O)C(F)(F)F,218.0
117,C=CC(=O)Oc1ccccc1C,325.0
223,Oc1ccc(cc1)c1ccc(cc1)O.Clc1ccc(cc1)S(=O)(=O)c1ccc(cc1)Cl,482.0
118,C=CC(=O)OCC(F)(F)F,263.0
47,CCCCCCCOC(=O)C=C,213.0
120,C=CC(=O)OCC(F)(F)C(F)(F)C(=O)C(F)(F)C(F)(F)C(F)(F)C(F)(F)F,205.0
215,C1COCO1,209.0
135,CC(=C)C(=O)Oc1ccccc1,330.0
267,OC(=O)CCC(=O)O.OCCCCO,237.0
220,CCCCOCC1CO1,194.0
245,C=C.[C-]#[O+],291.0
78,C=Cc1ccc(C(=O)CCCC)cc1,343.0
199,OC(=O)c1ccc(cc1)C(=O)O.OCCO,344.0
7,C=CC(=O)OCCCCCCC#N,358.0
145,C=Cc1ccc(C(=O)N(CC)CC)cc1,375.0
173,C=CC(=O)OC(C)(C)C,311.0
227,c1cc(ccc1C(=O)Cl)C(=O)Cl.c1ccc(cc1)Oc2ccccc2,437.0
45,C=CC(=O)OCC(CC)CC,223.0
54,C=CC(=O)OCCC(=O)CCC(=O)C(F)(F)C(F)F,233.0
56,C=CC(=O)OCC(C#N)CCCCC,389.0
214,CC1CO1,200.0
261,C=CC(=O)Oc1ccc(C(=O)OCC)cc1,310.0
231,C1CC=CC1,178.0
91,CCCCCCCCCCCCOC(=O)C(=C)C,270.0
74,C=Cc2ccc(C(=O)Cc1ccccc1)cc2,351.0
236,NCCCCCCN.OC(=O)CCCCCCCCCCC(=O)O,319.0
217,C1CCCCOC1,204.0
251,C=CC(=O)OCC(F)(F)C(F)(F)C(=O)C(F)(F)C(F)(F)C(F)(F)C(F)(F)F,205.0
268,C=CC(=O)OC(F)(C(F)(F)F)C(F)(F)F,283.0
122,C=CC(=O)Oc1ccc(C(=O)OCCCC)cc1,286.0
73,C=Cc1ccc(C(=O)CCCCCCC)cc1,323.0
225,Oc1ccc(cc1)O.Clc1ccc(cc1)S(=O)(=O)c1ccc(cc1)Cl,479.0
44,C=CC(=O)Oc1ccc(C(=O)OCC)cc1,310.0
6,C=CC(=O)OCCC#N,277.0
164,C=Cc1ccc(OC)cc1C,358.0
258,C=CC(=O)OCC(C)C(C)CC,258.0
67,C=Cc1ccc(COCC(O)CC)cc1,319.0
111,C=CC(=O)OCC(F)(F)C(F)(F)F,247.0
143,C=Cc1ccc(C(C)CCC)cc1,359.0
218,O1CC1,225.0
160,C=Cc1ccc(OCCC)cc1,343.0
12,C=CC(=O)Oc1cccc(C(=O)OCC)c1,297.0
0,C=CC(=O)OCc1ccccc1,279.0
59,C=Cc1cc(C(C)(C)C)ccc1C,360.0
209,OC(=O)CCCCC(=O)O.OCCCCO,202.0
178,C=CC(=O)OCC#N,296.0
119,C=CC(=O)OCCC(=O)CC(F)(F)F,235.0
167,C=Cc1ccccc1,373.0
147,C=Cc1ccccc1CCOC,347.0
161,C=Cc2ccc(c1ccc(C)cc1)cc2,372.0
186,CC(=C)C#N,388.0
237,OC(=O)CCCCCCCCC(=O)O.NCCCCCCN,323.0
16,C=CC(=O)OC(F)(C(F)(F)F)C(F)(F)F,283.0
37,C=CC(=O)OCC(F)(F)F,263.0
235,OC(=O)CCCCCCCCC(=O)O.NCCCCCCCCCCN,323.0
256,C=Cc2ccc(Cc1ccc(OC)cc1)cc2,376.0
175,CCCCCCCCOC(=O)C=C,208.0
69,C=Cc1ccc(C(=O)OCC(C)C)cc1,363.0
137,C=CC(=O)Oc1ccc(C)cc1,316.0
127,C=CC(=O)OCCOCC,223.0
153,C=Cc1ccccc1C(=O)OCC(C)(C)C,341.0
63,C=Cc1ccccc1CCOC,347.0
24,C=CC(=O)Oc1ccc(CCCOC)cc1,198.0
13,CCOC(=O)C=C,249.0
126,C=CC(=O)Oc1cccc(N(C)C)c1,320.0
188,CCCCCCOC(=O)C(=C)C#N,359.0
154,C=Cc1ccccc1COCC(C)(C)C,351.0
46,C=CC(=O)OCCC(=O)CC(F)(F)C(F)(F)C(F)(F)F,228.0
22,C=CC(=O)Oc1ccc(C(=O)OC)cc1,340.0
212,C1CCO1,197.0
30,C=CC(=O)OC(CC)CC,267.0
79,C=Cc1ccc(C(C)(O)CCCCC)cc1,364.0
64,C=Cc1ccc(C(=O)CCCCC)cc1,339.0
243,C1CNC1=O,384.0
10,CCCCCCCCCCCCOC(=O)C(=C)C,270.0
99,C=CC(=O)OC(C)CCCCC,235.0
211,C1C(CO1)(CCl)CCl,272.0
38,C=CC(=O)OCCC(=O)CC(F)(F)F,235.0
133,C=CC(=O)Oc1ccccc1C(=O)OC,319.0
203,O=C1CCCCCO1,208.0
142,C=Cc1cc(C(C)(C)C)ccc1C,360.0
232,NCCCCCCCCCN.ClC(=O)c1ccc(cc1)C(=O)Cl,394.0
14,C=CC(=O)OF,288.0
219,ClCC1CO1,252.0
222,CC(c1ccc(cc1)O)(c1ccc(cc1)O)C.Clc1ccc(cc1)S(=O)(=O)c1ccc(cc1)Cl,459.0
200,OC(=O)c1ccccc1C(=O)O.OCCO,297.0
210,OC(=O)c1cc(ccc1)C(=O)O.Oc1ccc(cc1)C(C)(C)c2ccc(cc2)O,462.0
80,C=Cc1ccc(OC)cc1C,358.0
33,C=CC(=O)OCCCCCCCCCCCCCC,297.0
183,C=CC(=O)NC(C)C,403.0
66,C=Cc1ccc(C(=O)OCCCCCC)cc1,339.0
170,C=Cc1ccc(cc1)Cl,398.0
65,C=Cc1ccccc1C(=O)OCCCCCC,318.0
121,C=CC(=O)OCC(F)(F)C(F)(F)C(F)(F)C(F)(F)C(F)(F)F,234.0
112,C=CC(=O)OC(CC)CC,267.0
82,C=CC(=O)Oc2ccc(c1ccccc1)cc2,383.0
83,CCCCOC(=O)C=C,219.0
9,C=CC(=O)OCC(C)C(C)CC,258.0
52,C=CC(=O)OCCCCC,216.0
129,C=CC(=O)OCCC(=O)CC(F)(F)C(F)(F)C(F)(F)F,228.0
55,C=CC(=O)Oc1ccc(C)cc1,316.0
20,C=CC(=O)OCC(C)OC,217.0
131,C=CC(=O)OCC(F)(F)C(F)C(F)(F)F,251.0
238,OC(=O)CCCCCCCC(=O)O.NCCCCCCN,332.0
134,C=CC(=O)OCCCCCCCCC,215.0
196,OC(=O)CCC(=O)O.OCCCCCCO,220.0
149,C=Cc1ccc(C(=O)OCCCCCC)cc1,339.0
150,C=Cc1ccc(COCC(O)CC)cc1,319.0
166,C=Cc2ccc(Oc1ccccc1)cc2,373.0
262,C=Cc1ccc(COC)cc1,350.0
90,C=CC(=O)OC(C)C#N,339.0
29,C=CC(=O)OCC(F)(F)C(F)(F)C(F)(F)C(F)F,238.0
21,C=CC(=O)Oc1cccc(C(=O)OC)c1,311.0
62,C=Cc1ccc(C(=O)N(CC)CC)cc1,375.0
